{
  "baseline": {
    "clean": 0.81875,
    "fgsm": 0.6875,
    "pgd": 0.64375
  },
  "hardened": {
    "clean": 0.81875,
    "fgsm": 0.75625,
    "pgd": 0.75
  }
}